province_id,province_name,latitude,longitude
52,ลำปาง,18.28884,99.490874
53,ลำพูน,18.574461,99.008722
54,เลย,17.486023,101.7223
55,ศรีสะเกษ,15.118601,104.322009
56,สกลนคร,17.1546,104.134837
57,สงขลา,7.1756,100.614347
58,สตูล,6.623816,100.067374
59,สมุทรปราการ,13.599096,100.599832
60,สมุทรสงคราม,13.409822,100.002265
61,สมุทรสาคร,13.547522,100.274396
62,สระแก้ว,13.824038,102.064584
63,สระบุรี,14.528915,100.910142
64,สิงห์บุรี,14.893625,100.396731
65,สุโขทัย,17.005557,99.826371
66,สุพรรณบุรี,14.474489,100.117713
67,สุราษฎร์ธานี,9.138239,99.321748
68,สุรินทร์,14.882905,103.493711
1,กรุงเทพมหานคร,13.727896,100.524123
2,กระบี่,8.0863,98.906283
3,กาญจนบุรี,14.02278,99.532811
4,กาฬสินธุ์,16.431408,103.505876
5,กำแพงเพชร,16.48278,99.522662
6,ขอนแก่น,16.441936,102.835992
7,จันทบุรี,12.61134,102.103855
8,ฉะเชิงเทรา,13.690419,101.07796
9,ชลบุรี,13.361143,100.984672
10,ชัยนาท,15.185197,100.125125
11,ชัยภูมิ,15.806817,102.031503
12,ชุมพร,10.49305,99.18002
13,เชียงราย,19.907166,99.830955
14,เชียงใหม่,18.787748,98.993131
15,ตรัง,7.559385,99.611007
16,ตราด,12.242756,102.517473
17,ตาก,16.88399,99.12585
18,นครนายก,14.206947,101.213051
19,นครปฐม,13.819921,100.062168
20,นครพนม,17.392039,104.769551
21,นครราชสีมา,14.9799,102.097769
22,นครศรีธรรมราช,8.430398,99.963122
23,นครสวรรค์,15.693007,100.122559
24,นนทบุรี,13.862113,100.514353
25,นราธิวาส,6.425461,101.825314
26,น่าน,18.775632,100.773042
33,พะเยา,19.166479,99.901942
69,หนองคาย,17.87828,102.741264
70,หนองบัวลำภู,17.221825,102.426037
71,อ่างทอง,14.589605,100.455052
72,อำนาจเจริญ,15.865678,104.625777
73,อุดรธานี,17.413841,102.787233
74,อุตรดิตถ์,17.620089,100.099294
75,อุทัยธานี,15.3835,100.024553
76,อุบลราชธานี,15.228686,104.856422
77,บึงกาฬ,18.36091,103.646446
27,บุรีรัมย์,14.993002,103.102919
28,ปทุมธานี,14.020839,100.525028
29,ประจวบคีรีขันธ์,11.812367,99.797327
30,ปราจีนบุรี,14.05097,101.372744
31,ปัตตานี,6.869484,101.250483
32,พระนครศรีอยุธยา,14.353213,100.56896
34,พังงา,8.440746,98.519303
35,พัทลุง,7.616682,100.074023
36,พิจิตร,16.442952,100.348233
37,พิษณุโลก,16.829805,100.261492
38,เพชรบุรี,13.11116,99.939131
39,เพชรบูรณ์,16.418981,101.155093
40,แพร่,18.144577,100.140283
41,ภูเก็ต,7.98105,98.363882
42,มหาสารคาม,16.18509,103.302646
43,มุกดาหาร,16.542443,104.720915
44,แม่ฮ่องสอน,19.299064,97.965623
45,ยโสธร,15.792641,104.145283
46,ยะลา,6.541147,101.280395
47,ร้อยเอ็ด,16.05382,103.652004
48,ระนอง,9.95287,98.608464
49,ระยอง,12.683311,101.237429
50,ราชบุรี,13.528289,99.813421
51,ลพบุรี,14.799508,100.653371
